Transfer Size (MB),CPU0 to GPU0 (prefetch),CPU0 to GPU1 (prefetch),CPU0 to GPU2 (prefetch),CPU0 to GPU3 (prefetch),CPU0 to GPU4 (prefetch),CPU0 to GPU5 (prefetch),CPU0 to GPU6 (prefetch),CPU0 to GPU7 (prefetch),CPU1 to GPU0 (prefetch),CPU1 to GPU1 (prefetch),CPU1 to GPU2 (prefetch),CPU1 to GPU3 (prefetch),CPU1 to GPU4 (prefetch),CPU1 to GPU5 (prefetch),CPU1 to GPU6 (prefetch),CPU1 to GPU7 (prefetch),GPU0 to CPU0 (prefetch),GPU0 to CPU1 (prefetch),GPU0 to GPU1 (prefetch),GPU0 to GPU2 (prefetch),GPU0 to GPU3 (prefetch),GPU0 to GPU4 (prefetch),GPU0 to GPU5 (prefetch),GPU0 to GPU6 (prefetch),GPU0 to GPU7 (prefetch),GPU1 to CPU0 (prefetch),GPU1 to CPU1 (prefetch),GPU1 to GPU0 (prefetch),GPU1 to GPU2 (prefetch),GPU1 to GPU3 (prefetch),GPU1 to GPU4 (prefetch),GPU1 to GPU5 (prefetch),GPU1 to GPU6 (prefetch),GPU1 to GPU7 (prefetch),GPU2 to CPU0 (prefetch),GPU2 to CPU1 (prefetch),GPU2 to GPU0 (prefetch),GPU2 to GPU1 (prefetch),GPU2 to GPU3 (prefetch),GPU2 to GPU4 (prefetch),GPU2 to GPU5 (prefetch),GPU2 to GPU6 (prefetch),GPU2 to GPU7 (prefetch),GPU3 to CPU0 (prefetch),GPU3 to CPU1 (prefetch),GPU3 to GPU0 (prefetch),GPU3 to GPU1 (prefetch),GPU3 to GPU2 (prefetch),GPU3 to GPU4 (prefetch),GPU3 to GPU5 (prefetch),GPU3 to GPU6 (prefetch),GPU3 to GPU7 (prefetch),GPU4 to CPU0 (prefetch),GPU4 to CPU1 (prefetch),GPU4 to GPU0 (prefetch),GPU4 to GPU1 (prefetch),GPU4 to GPU2 (prefetch),GPU4 to GPU3 (prefetch),GPU4 to GPU5 (prefetch),GPU4 to GPU6 (prefetch),GPU4 to GPU7 (prefetch),GPU5 to CPU0 (prefetch),GPU5 to CPU1 (prefetch),GPU5 to GPU0 (prefetch),GPU5 to GPU1 (prefetch),GPU5 to GPU2 (prefetch),GPU5 to GPU3 (prefetch),GPU5 to GPU4 (prefetch),GPU5 to GPU6 (prefetch),GPU5 to GPU7 (prefetch),GPU6 to CPU0 (prefetch),GPU6 to CPU1 (prefetch),GPU6 to GPU0 (prefetch),GPU6 to GPU1 (prefetch),GPU6 to GPU2 (prefetch),GPU6 to GPU3 (prefetch),GPU6 to GPU4 (prefetch),GPU6 to GPU5 (prefetch),GPU6 to GPU7 (prefetch),GPU7 to CPU0 (prefetch),GPU7 to CPU1 (prefetch),GPU7 to GPU0 (prefetch),GPU7 to GPU1 (prefetch),GPU7 to GPU2 (prefetch),GPU7 to GPU3 (prefetch),GPU7 to GPU4 (prefetch),GPU7 to GPU5 (prefetch),GPU7 to GPU6 (prefetch)
0.001953,86.39,117.31,105.46,95.34,89.64,83.63,78.95,76.34,68.59,59.1,58.18,55.49,53.12,52.18,49.58,47.84,41.53,41.99,43.04,41.84,39.81,38.11,36.77,36.37,35.46,86.51,86.09,68.96,87.3,80.57,76.61,70.89,67.31,63.75,89.44,84.98,55.78,64.24,80.36,75.09,70.99,68.26,63.48,90.67,87.48,67.54,52.41,67.42,66.23,70.56,68.15,64.56,93.03,88.05,69.35,50.69,48.13,45.58,71.9,68.86,63.23,92.7,85.64,57.47,54.58,47.22,45.79,65.94,68.82,64.34,91.04,90.08,49.34,56.65,66.37,55.39,54.87,53.27,66.18,93.17,88.06,58.59,50.7,55.26,64.93,66.01,62.3,62.7
0.00293,92.02,89.64,83.12,83.29,76.99,73.87,69.72,69.51,66.95,66.02,63.77,60.81,54.66,57.61,54.94,53.3,50.36,48.79,49.29,46.03,46.03,45.42,42.74,41.87,41.13,82.96,81.06,86.45,84.35,79.74,69,70.74,65.33,62.29,84.02,82.96,88.2,80.16,77.47,65.67,64.82,67.6,62.12,87.38,81.71,82.31,78.05,77.27,68.51,65.89,63.5,65.03,88.19,84.42,81.78,69.14,71.24,63.72,71.88,67.75,66.82,88.19,84.91,65.19,78.07,66.72,69.06,70.89,69.1,66.62,87.18,83.7,75.28,67.49,77.43,69.14,71.9,69.93,68.82,48,46.6,47.46,45.76,45,44.41,42.12,42.43,41.98
0.003906,51.7,49.72,50.51,47.88,46.48,46.46,45.69,45.74,45.04,43.91,43.1,42.81,41.19,40.66,39.03,39.04,52.25,50.95,54.23,52.16,47.22,47.06,45.79,43.42,44.58,80.27,76.29,82.03,79.83,71.82,71.85,65.19,65.76,64.2,80.24,80.11,76.25,76.37,74.02,68.72,68.23,66.96,64.15,81.2,79.09,79.77,76.53,73.97,69.16,67.44,65.85,63.81,81.45,80.22,77.89,74.44,73.49,67.98,69.04,67.67,65.49,82.42,79.03,74.97,77.86,72.01,69.37,70.37,66.32,64.43,81.65,81.43,76.13,71.46,74.23,69.08,69.49,67.17,65,36.47,36.65,36.31,36.01,35.63,35.26,34.78,34.09,33.43
0.005859,47.44,47.66,47.02,46.95,46.48,45.19,44.77,44.64,43.48,43.69,43.17,42.38,42.29,41.4,40.47,40.96,65.89,66.61,64.75,63.72,65.03,63.1,57.63,56.02,55.28,96.46,90.61,91.15,87.07,85.59,81.27,81.57,76.99,75.44,93.22,91.82,89.23,86.64,86.21,82.48,80.6,79.12,77.09,94.36,93.8,89.35,87.4,83.55,81.07,78.15,76.42,75.89,95.03,90.61,89.79,83.52,83.28,79.53,82,77.9,78.06,94.65,93.1,87.17,86.95,84.37,79.65,79.35,79.78,77.62,94.45,92.53,85.99,82.75,83.83,80.97,82.5,79.27,75.19,38.61,39.04,39.1,38.29,37.66,37.59,37.25,36.93,37.31
0.007812,47.58,47.1,45.44,46.23,45.64,45.02,44.83,43.83,43.43,43.01,42.57,42.31,41.94,41.42,40.99,40.8,76.99,74.77,73.26,73.14,73.77,73.47,67.38,64.41,64.13,103.13,98.11,100.07,93.22,91.72,87.59,87.28,82.9,83.84,101.15,100.75,97.11,94.97,92.42,87.62,86.72,87.14,84.23,101.05,103.11,97.07,95.26,92.29,88.08,87.38,85.72,84.74,103.27,99.7,94.71,92.98,90.63,90.53,88.74,84.77,86.47,100.81,100.28,95.91,94.99,89.22,89.81,89.94,87.8,85.76,103.12,101.08,93.88,93.21,90.4,88.85,89.94,84.77,86.12,39.69,39.01,39.7,39.42,38.45,39.04,38.09,38.07,37.59
0.011719,55.62,54.33,54.38,53.57,53.26,52.95,52.71,51.77,51.06,51.15,50.45,49.72,49.88,49.39,48.93,48.57,100.25,98.93,96.96,94.64,97.76,96.51,87.45,86.36,85.08,125.62,126.78,128.91,125.25,123.51,111.27,109.53,105.42,105.25,130.09,123.95,119.4,117.04,114.69,111.1,109.13,108.48,104.74,129.97,127.24,118.78,116.05,115.55,110.76,108.18,106.33,105.56,128.22,126.3,119.29,113.76,114.54,112.23,110.48,109.88,107.87,127.54,126.17,118.36,115.66,113.72,110.65,111.37,109.74,108.29,128.31,127.18,116.87,115.37,115.49,113.34,108.95,109.12,104.57,47.79,47.84,47.66,47.3,46.93,46.91,46.39,46.08,45.94
0.015625,60.01,59.74,59.83,58.81,58.8,58.25,58.04,57.59,57.02,56.78,56.07,55.53,56.05,55.52,54.99,54.22,119.21,117.6,114.76,112.64,114.13,113.99,109.5,101.82,100.69,147.71,145.72,142.34,141.82,142.51,138.78,138.37,124.73,121.28,150.22,134.36,134.03,136.46,133.28,128.69,125.79,127.77,123.98,148.24,146.98,137.62,133.93,129.17,130.46,128.95,123.86,124.81,146.28,145.5,135.29,127.98,130.14,127.84,128.42,126.32,124.5,147.29,144.51,131,135.99,129.41,128.72,128.12,126.71,123.99,146.61,140.99,136.34,134.31,135.03,131,130.8,125.65,125.42,53.86,53.26,53.46,52.87,53.2,53.27,52.46,52.42,51.91
0.023438,76.07,76.32,74.89,74.67,74.46,74.48,74.03,73.68,72.75,71.98,70.91,70.93,71.55,70.73,69.83,70.29,159.67,157.25,153.63,153.44,155.99,153.19,148.92,146.34,134.82,194.35,191.51,192.94,186.33,188.66,170.23,167.69,166.11,162.25,194.95,188.08,179.12,174.02,174.05,169.19,165.57,167.02,161.64,192.76,192.04,178.88,176.06,170.31,170.41,166.02,165.61,162.55,191.29,189.1,181.99,176.29,170.64,169.36,172.47,169.7,165.82,190.66,189.89,174.65,178.43,170.43,168.93,171.12,166.59,166.1,191.12,191.32,175.74,171.7,173.24,170.97,170.85,166.24,163.88,70,69.21,69.67,68.85,68.28,68.4,68.58,67.95,67.02
0.03125,87.9,87.45,86.68,86.87,86.1,85.47,84.58,84.24,83.6,82.92,82.97,82.5,82.29,81.49,81.33,80.65,191.36,189.35,191.18,183.02,181.48,179.74,179.59,176.55,172.89,227.97,225.15,228.39,223.47,206.77,199.57,202.57,196.57,195.06,230.28,227.95,213.51,209.86,203.95,200.59,195.79,199.67,194.46,229.85,225.06,210.53,210.83,206.6,201.58,197.25,195.78,197.99,226.9,225.88,210.56,206.77,202.95,201.73,200.62,200.52,197.09,228.48,225.92,208.78,207.91,199.99,201.26,194.5,199.66,194.42,230.71,221.27,207.97,206.39,203.98,198.81,200.01,198.37,197.61,80.53,80.2,80.57,80.03,79.33,80.06,78.88,78.57,78.51
0.046875,115.89,115.55,114.06,113.19,112.99,113.66,112.48,112.04,110.4,110.34,110.44,109.49,108.7,108.11,108.17,107.69,259.38,257.09,258.49,256.96,244.32,243.23,238.74,237.51,241.31,304.68,304.7,307.4,280.31,277.21,267.87,272.24,264.46,261.14,305.15,298.7,288.65,285.26,280.64,270.22,269.05,271.87,262.94,306.83,299.89,286.81,285.75,280.76,270.71,270.65,265.78,270.15,306.54,304.5,283.48,269.85,274.35,270.66,271.38,269.73,267.5,305.77,302.13,277.84,283.58,274.94,272.38,275.53,274.76,267.4,306.28,304.5,280.41,280.88,280.73,274.89,275.81,272.05,270.57,108.51,107.87,107.55,107.4,106.85,106.93,106.97,106.28,106.22
0.0625,138.19,137.32,137.23,135.78,135.84,134.77,134.8,135.49,132.47,133.8,131.98,132.16,131.08,131.18,130.01,130.03,299.16,303.61,321.94,316.49,305.76,306.47,295.21,300.31,300.81,348.13,340.88,371.76,346.49,340.27,331.6,333.92,322.82,321.36,353.57,345.4,347.28,345.79,343.66,333.53,326.84,330.16,322.03,351.73,346.91,346.47,344.16,338.59,335.94,328.99,322.93,331.76,344.85,351.61,346.72,336.17,338.02,331.17,336.44,333.31,327.73,353.8,342.88,342.5,346.11,331.79,331.5,336.5,327.3,329.79,345.47,352.79,342.06,338.37,340.17,332.84,331.73,332.93,329.28,128.17,127.92,129.34,128.82,128.39,128.83,128.74,128.31,127.93
0.09375,185.07,185.08,186.57,185.53,183.12,185.14,182.83,182.51,180.5,179.98,179.35,178.74,177.88,177.3,176.89,176.25,425.32,426.02,444.95,438.62,434.53,421.2,410.11,414.11,409.53,489.15,487.35,508.47,466.86,468.72,449.88,458.66,439.88,440.65,491.57,482.14,473.47,471.9,466.68,451.81,442.72,455.24,440.99,491.4,487.48,464.04,470.64,467.87,451.06,447.54,444.27,447.97,492.06,489.9,473.59,463.07,456.65,454.81,460.18,456.39,454.07,493.15,488.65,458.52,465.93,454.75,447.97,457.49,454.08,449.22,489.9,487.88,462.34,457.53,467.74,449.55,456.68,456.71,446.3,176.56,175.99,178.1,176.78,175.92,177.84,177.08,175.91,175.27
0.125,226.31,226.02,226.68,225.1,223.67,221.23,222.41,222.17,218.37,218.14,218.25,217,215.09,214.77,215.09,212.5,501.67,501.45,548.37,548.52,531.11,523.2,508.73,514.14,511.19,566.85,570.38,628.55,615.15,577.08,550.35,562.7,548.23,546.08,575.52,569.73,585.78,575.21,574.64,548.37,548.39,559.88,534.29,568.46,571.66,582.5,578.13,571.68,551.36,550.18,544.73,559.16,571.2,574.32,580.71,567.52,558.29,556.47,563.6,563.72,561.5,569.67,574.22,569.52,582.25,563.73,548.47,564.18,563.23,558.56,569.17,574.43,569.43,541.41,573.34,555.8,571.1,562.39,558.49,210.16,209.09,214.73,214.25,213.98,215.44,211.18,214.03,209.29
0.1875,310.74,312.5,310.78,310.48,306.22,309.58,305.57,301.58,303.43,295.1,297.64,301.26,295.92,299.92,294.64,293.22,679.6,698.86,775.15,770.56,759.82,761.1,704.42,703.58,698.08,766.62,777.52,873.66,866.83,856.4,762.24,784.44,757.81,748.92,784.13,774.7,814.79,805.36,805.59,769.08,763.45,785.08,751.06,782.01,775.39,812.74,812.11,800.38,765.82,764.42,727.11,782.98,787.67,761.89,809.38,783.19,781.85,768.35,791.7,785.92,783.57,772.08,781.02,790.44,814.7,781.75,733.62,789.61,786.29,778.95,791.25,773.67,791.8,783.45,807.14,766.32,781.66,785.75,785.31,292.76,291.27,299.22,297.05,295.84,299.33,297.91,297.33,298.89
0.25,384.09,382.56,383.18,380.88,382.08,376.05,377.73,375.73,375.53,374.44,373.19,373.31,372.12,370.7,369.62,368.39,866.91,857.5,965.76,952.57,945.9,946.32,871.98,882.09,890.99,959.76,951.37,1069.79,1007.02,992.16,945.88,984.29,945.36,939.58,959.48,947.89,1016.91,1005.11,1005.14,953.01,951.94,978.54,935.95,957.89,955.43,1011.71,995.02,997.63,955.67,916.96,945.49,966.98,957.28,957.91,1015.01,964.42,957.72,952.18,995.56,987.72,968.4,960.03,957.49,977.02,1015.34,952.15,953.82,992.91,983.04,975.86,959.91,959.82,974.66,963.99,998.63,954.81,984.16,978.25,975.79,354.99,353.89,365.71,359.01,364.78,371.06,368.9,367.04,366.52
0.375,529.4,533.62,529.49,529,527.87,521.16,522.26,523.84,517.3,520.01,514.43,513.04,509.96,511.25,503.36,507.64,1153.69,1094.78,1350.48,1346.86,1337.65,1300.34,1223.37,1253.21,1241.46,1269.18,1263.98,1521.45,1415.43,1396.29,1312.27,1385.79,1295.99,1242.39,1275.18,1261.18,1428.16,1413.73,1404.27,1318.19,1305.91,1368.55,1292.4,1272.49,1271.21,1418.56,1417.74,1395.26,1315.69,1311.76,1306.17,1367.99,1276.64,1277.32,1443.88,1329.83,1326.89,1326.35,1390.88,1376.84,1373.88,1288.3,1280.03,1348.6,1403.22,1339.6,1315.13,1391.63,1368.66,1368.25,1282.07,1276.06,1351.69,1333.67,1403.92,1323.18,1383.33,1385.37,1364.74,488.71,487.5,513.27,507.45,509.3,516.75,517.96,512.59,511.79
0.5,658.28,657.98,654.07,647.81,649.37,648.9,644.13,643.94,643.73,632.05,635.77,638.66,636.19,635.01,634.43,624.24,1369.29,1366.09,1700.21,1662.9,1695.45,1650.45,1485.9,1507,1542.05,1531.74,1526.65,1888.77,1749.94,1753.73,1620.71,1722.85,1602.31,1600.98,1520.42,1517.13,1781.95,1756.98,1738.26,1611.44,1611.13,1698.54,1603.73,1506.75,1517.54,1779.52,1755.6,1736.2,1618.23,1630.46,1589.51,1693.02,1530.04,1501.97,1703.72,1642.31,1623.42,1614.49,1725.27,1714.89,1694.24,1520,1524.58,1662.18,1763.23,1627.36,1593.51,1731.99,1719.64,1709.24,1524.3,1527.84,1666.88,1648.04,1753.57,1625.3,1742.54,1724.49,1709.03,597.23,595.93,629.46,620.81,623.38,640.13,638.63,638.55,639.52
0.75,899.63,915.02,897.6,913.14,911.16,910.4,888.69,902.11,884.63,900.28,882.37,894.82,889.66,890.38,877.46,888.22,1770.64,1753.08,2236.72,2396.89,2390.9,2299.96,2177.22,2107.05,2086.6,1936.03,1943.12,2676.64,2658.65,2638.63,2240.95,2465.29,2229.43,2212.79,1977.96,1972.83,2529.31,2498.35,2488.29,2259.36,2248.36,2443.71,2157.02,1973.72,1981.6,2508.99,2506.57,2478.72,2200.79,2236.74,2217.66,2430.58,1982.99,1976.45,2450.56,2239.59,2267.84,2264.23,2452.66,2448.21,2427,1992.07,1977.96,2300.78,2511.32,2276.7,2203.73,2466.11,2438.1,2433.03,1987.56,1976.88,2296.04,2279.66,2498.54,2206.43,2470.61,2441.29,2444.32,817.71,818.81,880.68,881.69,876.34,910.73,909.43,903.54,905.1
1,1145.58,1150.03,1144.65,1118.56,1122.92,1133.9,1068.47,1130.18,1125.16,1097.79,1119.87,1108.56,1117.79,1107.46,1108.51,1091.83,2131.39,2178.19,3068.73,3022.86,3008.25,2980.63,2608.58,2643.33,2641.21,2321.86,2333.63,3371.17,3129.13,3117.17,2744.55,3076.11,2735.9,2710.84,2323.2,2335.48,3122.72,3133.43,3100.67,2759.92,2748.23,3051.3,2685.24,2318.49,2331.12,3143.39,3146,3119.18,2777.49,2737.92,2741.05,3040.82,2327.48,2321.44,3140.68,2771.61,2752.46,2725.11,3085.53,3089.63,3052.59,2334.98,2347.14,2724.37,3143.69,2784.56,2704.23,3097.38,3088.91,3056.7,2332.08,2341.69,2798.61,2739.31,3126.74,2778.58,3109.22,3087.49,3062.24,1001.34,1001.54,1100.97,1096.55,1092.22,1142.06,1142.23,1133,1136.96
1.5,1590.17,1571.74,1593.83,1566.76,1567.98,1565.17,1573.11,1573,1562.06,1548.12,1552.67,1563.38,1554.34,1552,1533.45,1542.56,2670.12,2775.31,4331.22,4292.42,4278.55,4171.38,3570.57,3647.73,3638.85,2905.36,2947.56,4764.45,4403.31,4397.92,3709.27,4329.33,3724.33,3644.18,2920.14,2894.93,4434.35,4426.05,4408.64,3666.97,3678.42,4340.86,3705.95,2899.2,2911.9,4475.19,4425.58,4386.16,3674.08,3685.56,3638.67,4295.29,2921.09,2933.46,4438.33,3729.78,3729.82,3681.98,4360.98,4332.15,4323.98,2907.69,2915.51,3724.73,4435.39,3735.3,3747.57,4332.94,4341.74,4327.27,2934.64,2959.87,3796.04,3736.47,4423.29,3759.4,4370.6,4380.93,4348.72,1343.74,1343.29,1534.47,1525.94,1516.51,1617.93,1613.62,1602.42,1608.91
2,1987.09,1962.85,1970.18,1987.31,1983.59,1969.06,1947.95,1942.49,1946.97,1918.95,1957.79,1940.39,1955.32,1942.22,1933.39,1921.35,3215.47,3207.41,5337.57,5505.82,5181,5430.9,3944.61,3952.75,3956.11,3344.34,3341.06,5869.61,5881.92,5999.79,4013.42,5887.03,4052.41,3998.54,3382.82,3275.99,5715.4,5671.36,5632.69,3980.19,3933.8,5527.78,3995.98,3335.41,3340.89,5690.19,5685.23,5615.37,4008.2,4009.24,4008.81,5512.41,3357.68,3336.05,5670.4,4046.31,4007.22,4005.56,5606.25,5519.56,5524.34,3348.4,3334.48,4079.15,5669.9,4017.94,4018.81,5597.9,5564.33,5519.46,3344.96,3336.13,4069.79,4065.31,5674.21,4017.54,5591.65,5557.5,5560.41,1625.17,1619.36,1913.66,1922.69,1907.67,2058.16,2049.1,2050.75,2011.08
3,2708.07,2733.4,2743.55,2720.6,2686.92,2734.99,2706.13,2707.34,2681.92,2657.44,2686.26,2682.64,2668.2,2703.78,2667.4,2680.15,4137.66,4134.62,7694.2,7690.83,7597.49,7620.07,4890.95,4889.04,4917.52,4463.08,4471.67,8301.03,8084.88,7799.5,4966.07,7685.51,4932.25,4923.04,4419.64,4443.92,7908.68,7760.64,7793.77,4938.3,4941.15,7719.98,4958.94,4432.34,4435.25,7893.99,7864.52,7882.79,4926.48,4951.13,4956.32,7626.81,4413.47,4411.43,7936.97,4962.23,4975.8,4985.64,7716.21,7691.54,7692.9,4429.79,4454.02,4955.48,7838.69,4940.2,4964.97,7744.19,7677.13,7649.1,4426.59,4408.12,4939.42,4973.13,7815.78,4922.93,7720.32,7672.77,7688.35,2229.09,2240.72,2644.03,2603.45,2617.52,2893.02,2904.4,2871.85,2865.92
4,3431.51,3413.12,3453.27,3399.18,3432.47,3405.17,3431.1,3393.32,3398.18,3362.74,3390.21,3347.06,3374.18,3347.7,3362.09,3353.71,4898.36,4861.16,9961.3,9970.86,9609.7,9567.8,5610.36,5679.85,5627.87,5049.92,5041.64,10584.25,10526.81,9928.17,5688.65,9875.28,5665.04,5656.82,5055.43,5059.45,10071.56,10020.49,10006.23,5714.72,5730.17,9894.23,5658.45,4967.32,5079.93,10055.51,10012.47,9936.01,5699.59,5730.08,5706.45,9843.46,4950.27,5056.11,10052.9,5735.79,5722.42,5740.25,9886.21,9828.4,9796.65,4960.19,5043.37,5749.55,10091.71,5734.55,5733.37,9880.98,9815.64,9760.91,4944.16,5066.88,5755.92,5731.28,9988.04,5726.12,9899.23,9866.97,9797.61,2678.45,2662.64,3253.67,3268.28,3261.92,3704.44,3692.12,3670.56,3668.44
6,4660.99,4667.6,4618.1,4658.99,4598.03,4668.19,4583.26,4632.14,4579.08,4609.09,4598.85,4652.1,4583.64,4640.68,4581.1,4602.98,5958.95,5981.03,13171.35,13037.92,13093.72,12974.82,6666.48,6609.19,6658.85,6129.15,6037.47,13051.17,13146.51,13076.51,6652.48,13186.41,6619.1,6656.54,6086.48,6115.26,13213.68,13283.27,13256.74,6680.63,6698.43,13323.44,6632.99,6158.1,6111.38,13212.08,13314.04,13297.84,6688.54,6712.99,6711.1,13284.3,6147.29,6137,13283.39,6735.4,6732.68,6705.3,13319.45,13268.35,13232.5,6148.62,6142.35,6728.63,13291.69,6713.81,6750.08,13260.28,13203.88,13232.33,6151.93,6170.34,6739.95,6676.83,13234.22,6735.15,13141.55,13309.55,13302.47,3494.28,3511.73,4441.28,4437.48,4424.41,5231.83,5244.32,5237.41,5216.43
8,5721.62,5685.6,5732.95,5653.83,5703.86,5661.4,5687.57,5605.92,5692.26,5571.25,5673.01,5544.28,5486.31,5600.04,5662.4,5489.71,6662.21,6723.47,13942.65,13921.69,13914.28,13763.16,7281.81,7320.18,7268.33,6861.69,6842.72,13997.78,14006.29,13969.31,7270.63,13944.08,7295.38,7288.16,6899.66,6725.5,14046.62,14073.31,14047.58,7325.46,7312.57,14014.53,7303.46,6912.58,6894.84,14106.09,14068.78,14081.28,7298.87,7329.09,7286.5,14000.9,6910.61,6907.12,14067.57,7353.91,7364.71,7382.25,14035.09,14069.35,14062.5,6911.36,6912.46,7376.9,14064.03,7347.5,7341.63,14047.24,14017.53,13983.32,6911.22,6867.83,7359.15,7395.46,14024.53,7323.61,14006.26,14078.09,14045.49,4123.7,4139.39,5458.66,5453.93,5441.5,6609.53,6587.13,6570.44,6587.75
12,7544.62,7665.9,7553.56,7635.85,7483.62,7688.66,7442.04,7647.76,7468.97,7558.85,7471.94,7542.93,7443.87,7562.36,7481.78,7532.06,7597.72,7721.17,14913.95,14848.12,14831.42,14878.89,8048.83,8035.82,8017.1,7915.82,7892.48,14930.41,14938.25,14910.57,8081.51,14943.66,8076.3,8092.49,7897.44,7870.43,14988.42,14965.09,14983.89,8081.77,8035.22,14954.09,8057.5,7915.95,7905,15018.68,14950.64,15008.87,8059.84,8099.03,8089.09,14970.43,7924.58,7897.81,15030.14,8110.29,8102.69,8108.97,14974.58,14988.93,14964.48,7912.69,7868.88,8121.27,15025.51,8100.03,8108.36,14944.63,14997.58,14985.86,7913.57,7897.01,8103.85,8106.02,15019.06,8144.54,15008.05,14972.64,14945.17,5154.68,5171.43,7151.87,7097.79,7128.95,9345.61,9375.41,9340.94,9333.94
16,8351.71,8389.63,8316.48,8338.16,8486.74,8522.03,8502.75,8515.77,8510.42,8525.95,8493.66,8529.05,8304.61,8342.26,8280.14,8288.78,8370.91,8374.72,15406.85,15409.26,15363.53,15407.55,8482.07,8495.66,8511.63,8501.55,8522.34,15507.96,15469.28,15509.24,8531.5,15485.16,8522.12,8494.03,8549.63,8532.89,15496.13,15492.84,15473.23,8514.78,8523.42,15490.08,8489.04,8507.27,8502.36,15512.85,15518.22,15497.31,8507.68,8491.47,8560.47,15479.67,8550.43,8513.15,15505.24,8575.12,8556.9,8526.49,15469.95,15444.48,15477.87,8524.02,8541.34,8578.41,15496.95,8563.72,8572.6,15493.98,15472.27,15458.15,8546.08,8526.35,8584.87,8521.57,15505.06,8513.92,15518.18,15485.12,15499.78,5876.68,5872,7887.54,7851.38,7882.75,11810.19,11750.01,11750.03,11673.35
24,8869.47,8794.89,8764.86,8814.52,9041.05,9055.46,9067.97,9034.49,9022.05,9057.44,9036.91,9066.29,8763.23,8785.28,8779.65,8768.73,9145.75,9227.8,16007.93,16014.8,15997.23,16001.64,8975.28,9014.67,8995.41,9242.58,9258.65,16063.1,16071.63,15985.75,9043.81,16076.43,9005.04,9003.13,9340.45,9309.18,16089.65,16089.27,16057.63,9044.94,8977.38,16060.35,9039.57,9308.59,9268.69,16055.41,16071.64,16090.49,9056.57,9027.53,9068.91,16057.28,9312.93,9328.16,16034.86,9074.93,9046.61,9030.02,16070.21,16071.08,16031.86,9328.96,9347.8,9092.29,16088.38,9053.27,9078.54,16071.18,16034.68,16073.6,9334.82,9327.52,9057.1,9058.14,16095.27,9029.55,16057.96,16041.43,16016.43,6954.13,6961.5,8535.28,8553.92,8518.23,14468.57,14471.3,14449.66,14451.04
32,9146.84,9080.38,9110.46,9131.43,9258.65,9308.18,9343.59,9282.66,9303.68,9305.75,9246.82,9267.85,9103.43,9052.71,9087.41,9052.93,9697.13,9673.14,16340.14,16328.18,16321.67,16310.24,9288.37,9297.89,9264.49,9688.11,9746.34,16367.43,16337.27,16354.43,9330.35,16337.06,9334.53,9305.49,9740.96,9768.92,16380.49,16381.11,16365.59,9319.96,9345.07,16375.72,9295.37,9765.8,9759.92,16363.31,16380.4,16361.85,9321.84,9344.41,9337.28,16365.23,9788.83,9794.68,16379.22,9363.18,9325.96,9335.82,16373,16380.47,16349.89,9798.05,9798.64,9297.2,16378.56,9313.82,9322.32,16361.38,16345.34,16372.55,9777.44,9751,9278.84,9352.72,16349.72,9369.26,16355.74,16354.04,16373.12,7645.91,7659.92,8871.09,8912.27,8902.7,15069.18,15048.34,15071.19,15053.17
48,9537.25,9458.44,9520.7,9545.23,9624.01,9621.7,9588.52,9585.85,9630.22,9615.58,9620.4,9635.62,9499.98,9530.62,9501.04,9451.59,10244.42,10212.4,16637.41,16642.85,16655.83,16664.13,9630.5,9640.84,9554.74,10298.9,10311.67,16715.6,16716.18,16694.06,9559.27,16682.76,9635.48,9619.55,10275.97,10292.46,16703.36,16704.77,16708.6,9634.87,9611.62,16720.18,9606.33,10300.91,10297.45,16720.7,16731.05,16720.91,9635.9,9647.92,9621.34,16701.18,10279.55,10299.54,16734.72,9644.84,9643.72,9654.59,16724.24,16710.12,16705.24,10310.47,10297.5,9666.6,16729.29,9643.61,9656.56,16719.96,16720.21,16708.21,10298.21,10293.4,9648.36,9622.44,16725.92,9664.64,16721.23,16725.47,16715.28,8585.11,8585.43,9255.78,9319.8,9296.86,15754.24,15760.27,15733.58,15758.94
64,9724.56,9707.31,9707.08,9713.49,9766.62,9782.21,9710.93,9697.44,9768.2,9782.34,9741.82,9785.9,9673.53,9707.24,9701.15,9705.42,10559.68,10548.42,16869.04,16875.54,16854.05,16864.7,9768.08,9760.31,9752.66,10560.49,10625.39,16891.02,16895.78,16891.28,9795.84,16887.97,9791.65,9768.61,10595.85,10603.63,16896.17,16893.61,16891.37,9789.29,9798.62,16886.12,9774.11,10605.7,10597.3,16895.41,16893.93,16883.18,9695.28,9785.63,9739.31,16892.14,10587.38,10613.68,16896.16,9760.61,9720.39,9814.36,16888.13,16895.79,16882.05,10600.73,10589.24,9819,16900.97,9792.5,9758.76,16892.28,16882.09,16885.03,10604.7,10594.89,9816.44,9822.98,16895.25,9819.8,16867.54,16888.39,16887.71,9113.75,9101.41,9554.41,9530.3,9526.31,16105.64,16095.37,16089.07,16104.89
96,9930.61,9905.83,9898.32,9920.64,9951.99,9950.53,9963.96,9936.71,9962.14,9960.37,9942.09,9955.29,9901.82,9909.73,9909.59,9893.81,10884.95,10905.73,17054.36,17064.35,17068.02,17064.99,9946.22,9962.58,9930.85,10932.8,10943.95,17062.84,17087.73,17080.51,9953.54,17076.34,9960.68,9934.69,10945.23,10940.82,17080.77,17084.59,17076.61,9948.79,9959.04,17073.67,9939.67,10936.77,10945.35,17083.72,17082.77,17083.1,9951.35,9960.42,9938.39,17076.15,10931.31,10957.78,17084.69,9982.62,9962.85,9987.69,17079.96,17070.49,17067.81,10931.79,10941.21,9989.8,17080.12,9971.97,9978.59,17084.91,17077.87,17070.31,10942.7,10932.17,9982.86,9980.79,17086.06,9983.05,17083.17,17066.69,17075.25,9811.3,9817.74,9787.57,9790.85,9784.5,16521.97,16510.84,16515.18,16500.75
128,10023.43,10025.85,10013.97,10032.59,10051.05,10057.77,10049.64,10025.65,10046.56,10041.78,10027.52,10051.68,10013.28,10013.28,10011.76,9998.43,11112.01,11098.67,17163.94,17161.96,17162.4,17151.68,10041.08,10032.99,10012.89,11131.35,11137.71,17176.76,17167.65,17175.13,10029.68,17170.87,10041.95,10016.35,11112.25,11115.48,17180.8,17176.02,17173.16,10037.96,10041.03,17173.15,10021.09,11105.29,11119.74,17179.09,17179.6,17177.34,10034.21,10038.39,10038.15,17164.1,11116.39,11115.57,17176.84,10072.22,10054.93,10079.09,17174.35,17171,17163.37,11114.73,11109.11,10070.86,17179.61,10053.35,10072.63,17177.89,17169.66,17164.72,11125.43,11103.24,10066.1,10069.77,17180.49,10074.28,17181.91,17175.92,17173.52,10203.49,10197.18,9917.45,9909.36,9895.23,16729.81,16723.31,16719.6,16724.37
192,10129.13,10129.69,10112.47,10140.54,10139.2,10146.41,10150.48,10124.38,10145.2,10139.27,10123.94,10145.95,10118.19,10126.46,10128.09,10105.38,11319.31,11309.7,17264.14,17269.36,17261.27,17267.68,10115.6,10123.74,10095.88,11329.64,11318.47,17272.21,17271.83,17265.96,10111.01,17268.71,10127.17,10100.86,11312.25,11319.88,17282.2,17276.06,17276.41,10126.7,10119.04,17275.99,10102.23,11309.32,11309.23,17269.88,17273.37,17277.2,10118.04,10125.88,10120.92,17270.81,11310.08,11319.54,17271.86,10149.74,10139.34,10159.77,17273.18,17268.52,17267.15,11315.03,11316.71,10151.02,17280.71,10136.95,10157.7,17275.47,17276.82,17272.6,11308.77,11313.85,10153.82,10153.94,17280.47,10161.77,17278.33,17282.91,17277.64,10641.78,10651.69,10044.97,10045.37,10028.86,16964.73,16961.33,16957.62,16961.57
256,10191.28,10183.68,10170.51,10190.32,10190.24,10192.99,10193.79,10170.35,10178.5,10189.6,10174.81,10194.09,10171.87,10172.08,10178.22,10150.66,11408.07,11405.89,17322.43,17321.23,17324.82,17317.1,10170.73,10167.3,10147.69,11435.41,11430.29,17321.22,17315.08,17318.92,10162.13,17320.26,10170.22,10144.86,11429.01,11430.22,17319.67,17320.83,17320.99,10165.59,10172.15,17328.69,10146.4,11422.72,11424.32,17327.63,17329.86,17329.27,10164.36,10172.25,10174.29,17326.49,11441.78,11420.99,17329.47,10198.58,10188.05,10206.63,17325.52,17327.39,17319.74,11439.52,11430.04,10204.24,17330.61,10177.03,10205.83,17330.7,17327.27,17326.29,11438.39,11437.38,10196.59,10204.13,17329.16,10207.98,17331.79,17327.47,17327.42,10891.84,10869.33,10113.86,10114.17,10103.26,17081.38,17077.96,17078.15,17079.74
384,10240.51,10236.01,10225.8,10248.27,10241.58,10249.42,10246.75,10225.67,10239.99,10244.07,10229.1,10249.61,10226.07,10230.21,10227.26,10210.39,11536.78,11542.11,17376.2,17377.1,17379.72,17371.71,10216.84,10216.99,10194.36,11531.82,11537.16,17381.14,17382.21,17380.49,10206.8,17378.69,10219.21,10193.97,11544.94,11545.86,17382.59,17385.47,17382.09,10209.49,10216.37,17382.38,10193.59,11543.88,11540.91,17382.06,17381.97,17381.61,10216.4,10216.08,10215.92,17379.89,11546.67,11541.46,17383.49,10248.9,10235.96,10251.46,17379.46,17380.11,17379.8,11548.94,11549.69,10246.57,17384.42,10235.11,10257.04,17384.59,17382.32,17383.27,11543.12,11550.73,10249.25,10249.75,17385.07,10257.44,17386.78,17385,17384.6,11158.12,11158.47,10180.84,10190.93,10176.86,17207.26,17208.17,17207.01,17206.68
512,10261.47,10264.97,10247.61,10271.53,10270.09,10275.85,10275.08,10256.87,10269.25,10265.72,10251,10274.38,10249.49,10259.87,10257.5,10238.28,11590.29,11587.1,17401.9,17405.42,17406.01,17402.62,10230.83,10240.66,10216.58,11600.73,11592.64,17410.57,17405.54,17406.93,10232.08,17411.02,10242.91,10218.1,11600.15,11597.44,17408.94,17413.34,17410.95,10227.01,10240.9,17407.93,10214.99,11600.95,11595.52,17409.68,17407.99,17404.3,10238.59,10237.41,10243.63,17408.37,11595.48,11590.83,17408.01,10273.52,10255.62,10278.89,17409.29,17406.77,17400.47,11603.36,11592.63,10274,17411.48,10259,10277.81,17408.72,17408.04,17407.43,11604.84,11592.78,10273.59,10269.94,17411.77,10282.89,17411.14,17415.75,17411.3,11286.56,11291.81,10219.58,10227.09,10213.31,17270.53,17269.29,17270.47,17269.11
768,10292.26,10292.19,10278.59,10301.72,10299.71,10305.42,10304.46,10284.61,10297.1,10296.72,10276.51,10303.12,10278.2,10287.75,10287.68,10265.91,11649.05,11646.6,17433.01,17435.34,17435.25,17433.64,10263.55,10260.09,10240.23,11652.91,11657.69,17437.15,17437.99,17437.16,10261.32,17438.32,10265.88,10240.59,11656.12,11656.44,17440.11,17440.01,17437.61,10253.63,10258.33,17435.33,10239.81,11655.35,11652.64,17439.51,17438.57,17438.44,10257.83,10260.76,10265.75,17437.95,11655.47,11652.54,17435.55,10292.09,10283.21,10298.48,17434.46,17435.17,17433.92,11654.74,11654.38,10291.16,17439.47,10283.1,10298.46,17436.68,17438.34,17436.2,11659.48,11660.08,10297.64,10296.06,17440.09,10300.5,17438.42,17441.05,17440.94,11429.12,11443.32,10261.81,10262.41,10248.7,17342.6,17341.24,17340.52,17340.85
1024,10306.32,10304.75,10290.21,10312.43,10312.1,10318.48,10319.4,10298.27,10308.99,10309.36,10295.95,10320.5,10291,10297.48,10302.25,10277.58,11679.32,11681.39,17451.23,17450.93,17454.87,17451.4,10271.7,10274.75,10250.14,11686.86,11685,17451.62,17452.82,17449.96,10265.94,17450.83,10275.55,10253.76,11678.26,11675.86,17454.34,17453.96,17452.71,10267.6,10274.06,17454,10251.36,11684.44,11680.34,17454.33,17451.1,17450.03,10269.46,10275.16,10271.86,17453.67,11672.3,11679.44,17450.37,10308.26,10290.68,10306.99,17446.73,17450.34,17448.15,11682.1,11680.23,10308.04,17453.07,10289.15,10308.02,17453.92,17453.3,17451.61,11681.85,11674.01,10305.04,10306.44,17454.71,10306.52,17453.63,17455.91,17455.76,11512.25,11505.86,10277.35,10274.35,10271.84,17377.4,17377.53,17376.4,17376.07
1536,10322.56,10321.18,10306.92,10326.35,10326.47,10333.66,10332.59,10311.65,10327.34,10323.47,10310.14,10332.67,10306.09,10314.08,10311.28,10292.14,11707.57,11710.45,17466.31,17467.08,17468.13,17468.07,10283.61,10286.82,10261.34,11711.79,11713.08,17466.21,17468.07,17466.91,10279.66,17467.53,10287.08,10263.06,11712.39,11713.34,17467.87,17469,17469.27,10279.13,10285.16,17468.29,10263.98,11709.51,11710.47,17466.26,17468.12,17468.58,10278.14,10285.6,10284.01,17469.57,11700.24,11705.7,17466.14,10317.11,10304.18,10320.25,17464.78,17464.41,17464.86,11707.6,11700.39,10318.6,17467.88,10300.42,10318.69,17469.05,17469.05,17468.45,11707.63,11712.95,10316.83,10316.62,17469.15,10321.77,17470.1,17472.81,17470.49,11576.21,11592,10296.73,10299.67,10284.66,17415.24,17414.69,17415.81,17414.1
2048,10330.43,10329.73,10315.36,10334.84,10334.67,10339.48,10339.76,10317.54,10331.31,10331.9,10312.7,10335.32,10311.58,10319.79,10321.05,10298.52,11729.22,11729.72,17472.77,17474.26,17474.87,17475.37,10291.73,10294.26,10270.91,11725.15,11726.49,17475.83,17476.5,17476.28,10286.52,17475.58,10291.83,10271.04,11726.79,11728.05,17477.07,17476.52,17476.09,10285.23,10292.91,17476.08,10273.09,11725.87,11725.5,17475.97,17475.6,17475.77,10287.05,10291.59,10293.44,17476.98,11715.51,11713.01,17473.84,10320.43,10308.66,10324.08,17472.34,17472.49,17472.75,11721.02,11720.24,10321.44,17477.61,10306.98,10324.84,17476.15,17476.21,17477.23,11720.72,11725.64,10322.23,10321.2,17478.19,10329.28,17478.43,17481.48,17479.04,11627.57,11628.46,10308.03,10305.86,10290.6,17434.75,17434.03,17433.82,17433.36
3072,10341.53,10338.65,10323.17,10344.04,10340.41,10345.29,10347.28,10323.85,10333.98,10331.05,10318.71,10341.4,10314.73,10323.24,10325.22,10306.54,11745.09,11743.41,17476.78,17477.91,17479.3,17478.23,10297.29,10298.8,10277.84,11742.64,11744.78,17475.65,17477.29,17477.28,10291.74,17478.4,10297.51,10276.73,11743.88,11748.36,17478.11,17478.8,17477,10292.56,10293.2,17479.53,10277.5,11743.84,11743.2,17477.45,17477.02,17474.61,10290.38,10296.01,10300,17478.13,11738.28,11733.62,17476.37,10326.84,10309.23,10328.78,17475.5,17473.96,17473.33,11736.15,11740.27,10322.1,17478.89,10307.82,10331.24,17478.49,17479.42,17477.32,11737.89,11738.91,10322.88,10322.28,17479.46,10327.85,17480.27,17483.09,17480.72,11670.94,11672.78,10317.27,10314.85,10300.72,17448.15,17447.18,17447.52,17446.55
4096,10345.45,10343.69,10329.66,10348.4,10343.68,10349.38,10348.8,10329.21,10337.84,10335.6,10318.9,10343.79,10322.05,10328.64,10329.35,10309.35,11750.7,11752.85,17476.51,17479.25,17480.1,17478.68,10303.6,10302.34,10281.72,11741.22,11752.65,17475.06,17478.37,17477.38,10297.9,17478.11,10305.96,10282.2,11755.39,11753.44,17479.58,17480.28,17476.78,10298.45,10303.67,17480.53,10283.22,11750.44,11754.74,17478.14,17476.5,17475.59,10299.03,10301.25,10306.49,17476.77,11746.35,11747.28,17476.06,10327.09,10314.97,10334.14,17475.27,17474.09,17474.39,11743.9,11746.44,10330.44,17479.05,10314.27,10335.1,17478.47,17479.55,17478.5,11751.05,11754.28,10331.61,10329.28,17481.66,10335.24,17481.14,17481.85,17480.58,11697.09,11700.3,10320.91,10318.05,10306.25,17454.51,17453.88,17453.8,17452.96
6144,10351.48,10350.72,10334.27,10357.4,10348.69,10354.15,10355.72,10332.94,10341.13,10340.14,10322.07,10348.12,10324.76,10330.68,10333.39,10310.64,10800.41,10729.48,17483.03,17484.81,17485.76,17484.68,10300.33,10305.73,10281.77,10780.61,10730.58,17479.24,17483.78,17482.24,10300,17481.84,10305.14,10281.86,10769.88,10726.93,17485.4,17485.78,17483.79,10299.53,10304.41,17485.07,10282.2,10787.69,10755.02,17484.78,17483.2,17481.8,10300.47,10303.85,10304.83,17482.56,10814.57,10781.75,17480.75,10327.63,10312.89,10333.49,17480.54,17480.93,17480.06,10814.31,10805.46,10326.01,17484.31,10314.03,10333.95,17484.44,17485.23,17484.36,10829.97,10814.21,10330.58,10329.06,17486.34,10335.85,17486.2,17488.88,17487.02,10810.32,10790.07,10325,10323.88,10309.8,17466.54,17465.79,17466.45,17465.15
8192,10352.58,10352.01,10335.73,10358.07,10348.88,10355.28,10355.34,10334.56,10342.83,10342.77,10324.66,10347.54,10327.83,10331.07,10333.72,10312.85,10353.04,10334.69,17482.1,17483.36,17484.49,17484.21,10303.34,10307.98,10283.44,10347.06,10332.79,17478.66,17483.26,17482.45,10302.77,17484.5,10309.27,10284.06,10353.83,10353.66,17484.46,17486.22,17482.1,10303.49,10307.7,17484.36,10287.55,10352.26,10355.36,17484.57,17481.57,17479.94,10302.52,10307.54,10313.08,17482.76,10379.98,10370.8,17479.86,10331.29,10315.64,10339.45,17478.57,17480.16,17480.29,10363.68,10368.53,10327.09,17484.06,10313.28,10332.94,17483.92,17485.24,17484.31,10374.81,10358.52,10330.49,10329.61,17485.74,10334.86,17487.4,17487.66,17486.66,10342.32,10337.6,10324.31,10323.56,10309.71,17468.8,17468.46,17468.57,17467.43
12288,10355.89,10354.05,10337.53,10360.52,10352.24,10356.77,10358.02,10335.42,10341.87,10343.18,10328.47,10351.91,10329.89,10337.49,10339.21,10317.04,9957.77,9956.56,17483.28,17486.92,17487.29,17486.85,10307.3,10312.03,10286.9,9954.5,9951.87,17480.61,17484.64,17483.43,10292.41,17484.82,10310.32,10285.44,9952.76,9951.4,17486.31,17487.67,17480.6,10298.76,10305.42,17485.62,10284.53,9953.82,9957.25,17486,17483.76,17481.43,10303.28,10306.73,10304.7,17483.28,9957.47,9965.3,17482.44,10328.28,10310.09,10337.95,17481.06,17481.87,17481.68,9955.4,9959.42,10329.41,17486.74,10313.88,10334.05,17486.38,17486.9,17485.32,9967.03,9957.24,10331.63,10318.99,17489.34,10336,17488.55,17489.87,17488.03,9943,9947.5,10321.29,10324.35,10309.84,17473.97,17473.52,17473.73,17473.05