Transfer Size (MB),GPU0 to GPU1 (coherence),GPU0 to GPU2 (coherence),GPU0 to GPU3 (coherence),GPU0 to GPU4 (coherence),GPU0 to GPU5 (coherence),GPU0 to GPU6 (coherence),GPU0 to GPU7 (coherence),GPU0 to CPU0 (coherence),GPU0 to CPU1 (coherence),GPU1 to GPU0 (coherence),GPU1 to GPU2 (coherence),GPU1 to GPU3 (coherence),GPU1 to GPU4 (coherence),GPU1 to GPU5 (coherence),GPU1 to GPU6 (coherence),GPU1 to GPU7 (coherence),GPU1 to CPU0 (coherence),GPU1 to CPU1 (coherence),GPU2 to GPU0 (coherence),GPU2 to GPU1 (coherence),GPU2 to GPU3 (coherence),GPU2 to GPU4 (coherence),GPU2 to GPU5 (coherence),GPU2 to GPU6 (coherence),GPU2 to GPU7 (coherence),GPU2 to CPU0 (coherence),GPU2 to CPU1 (coherence),GPU3 to GPU0 (coherence),GPU3 to GPU1 (coherence),GPU3 to GPU2 (coherence),GPU3 to GPU4 (coherence),GPU3 to GPU5 (coherence),GPU3 to GPU6 (coherence),GPU3 to GPU7 (coherence),GPU3 to CPU0 (coherence),GPU3 to CPU1 (coherence),GPU4 to GPU0 (coherence),GPU4 to GPU1 (coherence),GPU4 to GPU2 (coherence),GPU4 to GPU3 (coherence),GPU4 to GPU5 (coherence),GPU4 to GPU6 (coherence),GPU4 to GPU7 (coherence),GPU4 to CPU0 (coherence),GPU4 to CPU1 (coherence),GPU5 to GPU0 (coherence),GPU5 to GPU1 (coherence),GPU5 to GPU2 (coherence),GPU5 to GPU3 (coherence),GPU5 to GPU4 (coherence),GPU5 to GPU6 (coherence),GPU5 to GPU7 (coherence),GPU5 to CPU0 (coherence),GPU5 to CPU1 (coherence),GPU6 to GPU0 (coherence),GPU6 to GPU1 (coherence),GPU6 to GPU2 (coherence),GPU6 to GPU3 (coherence),GPU6 to GPU4 (coherence),GPU6 to GPU5 (coherence),GPU6 to GPU7 (coherence),GPU6 to CPU0 (coherence),GPU6 to CPU1 (coherence),GPU7 to GPU0 (coherence),GPU7 to GPU1 (coherence),GPU7 to GPU2 (coherence),GPU7 to GPU3 (coherence),GPU7 to GPU4 (coherence),GPU7 to GPU5 (coherence),GPU7 to GPU6 (coherence),GPU7 to CPU0 (coherence),GPU7 to CPU1 (coherence),CPU0 to GPU0 (coherence),CPU0 to GPU1 (coherence),CPU0 to GPU2 (coherence),CPU0 to GPU3 (coherence),CPU0 to GPU4 (coherence),CPU0 to GPU5 (coherence),CPU0 to GPU6 (coherence),CPU0 to GPU7 (coherence),CPU1 to GPU0 (coherence),CPU1 to GPU1 (coherence),CPU1 to GPU2 (coherence),CPU1 to GPU3 (coherence),CPU1 to GPU4 (coherence),CPU1 to GPU5 (coherence),CPU1 to GPU6 (coherence),CPU1 to GPU7 (coherence)
0.001953,89.24,91.48,91.96,80.89,86.08,91.49,84.46,0.5,0.21,85.74,90.38,88.9,90.26,90.44,91.88,86.35,0.33,0.47,92.94,91.48,88,91.72,90.56,89.36,91.61,0.51,0.46,80.87,88.51,89.13,90.29,90.05,89.01,90.99,0.88,0.46,80.74,92.93,90.9,92.79,91.88,92.28,92.14,0.8,0.88,78.03,89.87,89.87,88.76,89.66,89.14,87.5,0.47,0.59,91.87,89.87,90.72,89.26,90.12,88.42,90.37,0.48,0.92,83.11,89.82,87.7,89.07,89.45,89.6,88.52,0.48,0.79,52.72,63.9,63.6,59.78,60.32,61.16,62.89,69.4,39.36,79.25,64.13,86.95,63.55,89.98,83.54,69.87
0.00293,127.18,132.53,132.78,133.19,131.36,131.2,129.78,1.38,1.29,124.2,131.94,132.79,133.31,132.06,132.58,133.12,0.67,1.39,135.47,133.9,131.99,131.25,131.28,134.19,131.45,1.38,1.38,96.72,135.71,135.85,131.02,134.11,132.08,137.18,1.39,1.38,134.79,133.35,133.54,134.11,132.25,133.95,134.64,1.28,1.34,104.1,134.8,136.61,135.69,134.89,131.89,137.05,1.37,0.89,118.44,128.65,133.76,130.94,131.08,131.96,132.16,0.69,1.34,95.67,132.1,133.98,132.32,131.57,135.06,127.83,0.7,0.69,93.22,103.39,114.46,102.91,109.29,104.65,106.27,103.83,76.79,113.58,128.4,98.42,132.75,115.36,134.12,122.34
0.003906,58.15,63.67,64.84,65.7,65.57,57.53,58.01,0.91,1.17,37.17,35.82,63.7,54.75,64.47,52.13,57.6,1.69,1.8,39.03,60.58,63.97,55.1,52.78,62.61,55.18,1.78,1.71,48.58,64.15,60.91,50.32,53.37,56.93,64.46,0.92,0.89,52.37,33.79,61.68,44.47,57.35,56.96,57.17,1.85,0.93,38.8,63.7,49.29,38.03,57.41,56.86,62.87,0.69,1.82,33.92,36.16,60.6,35.55,62.57,62.01,61.94,1.86,0.92,54.07,60.59,47.54,62.76,67.23,67.59,57.13,1.83,1.79,46.21,64.84,44.77,60.48,54.48,57.97,58.14,68.71,64.81,61.47,60.15,61.7,58.81,67.74,61.58,78.24
0.005859,91.13,83.65,96.89,97.3,88.36,77.57,87.05,2.03,2.76,89.3,50.94,79.78,86.95,91.34,86.94,93.73,1.38,2.66,60.64,92.09,71.9,89.69,84.43,95.43,86.37,2.78,1.41,80.99,93.14,87.58,88.34,89.2,88.41,98.11,1.83,1.39,53.43,52.09,53.82,81.09,84.83,85.34,84.99,2.78,2.75,80.08,88.03,59.95,59.85,81.46,84.61,86.16,1.39,1.41,77.33,79.12,93.85,79.9,85.23,84.44,84.48,2.73,1.55,68.13,56.71,89.38,60.89,85.1,84.77,80.88,1.39,1.55,81.33,61.75,61.95,95.34,41.74,41.57,86.39,83.31,52.2,68.37,61.46,118.69,107.23,81.58,86.83,91.76
0.007812,108.43,100.67,124.26,152.8,116.12,110.8,98.92,2.32,3.69,106.47,121.16,110.19,127.82,126.57,115.66,106.9,1.86,1.85,126.6,124.82,125.13,118.25,99.6,128.38,105.75,3.71,1.86,86.79,109.81,125.15,116.4,99.93,116.14,127.66,1.85,3.5,74.26,107.67,74.73,71.81,114.97,113.26,108.52,3.38,1.88,73.94,119.2,116.03,67.95,123.38,125.43,123.28,3.18,3.7,108.16,112.57,88.19,93.99,114.37,113.2,115.01,1.85,1.86,106.9,112.15,75.62,108.35,114.57,113.79,111.02,1.83,2.02,75.62,115.66,77.22,85.49,118.39,111.94,114.48,82.61,85.58,105.33,129.8,73.04,126.17,148.65,127.18,113.69
0.011719,187.43,142.79,124.9,191.28,156.59,163.48,164.16,5.29,5.09,111.55,108.53,108.13,159.11,190.91,155.62,157.71,2.76,5.04,125.59,161.87,170.12,156.76,174.57,191,158.18,4.2,2.74,136.45,108.83,126.45,162.19,143.65,153.01,192.81,3,5.57,123.62,171.47,111.21,159.46,169.34,168.98,169.15,5.55,5.32,108.64,185.06,175.24,109.94,163.12,168.48,163,2.73,3.35,172.35,173.93,189.49,110.35,186.47,187.81,172.5,2.79,3.38,128.83,122.7,126.39,191.33,168.03,187.45,168,5.19,5.45,126.45,102.02,183.37,176.08,151.64,171.24,157.97,163.97,100.62,177.91,131.72,183.24,170.32,192.07,158.96,180.02
0.015625,205.54,218.49,207.73,238.39,226.97,227.71,200.56,4.49,7.15,172.66,250.23,248.88,225.66,253.35,223.08,228.04,3.63,3.69,162.64,240.33,217.88,208.61,225.62,245.68,210.28,3.7,7.21,215.34,209.82,217.92,222.9,227.31,226.03,251.69,3.65,4.25,229,139.01,130.53,163.99,249.93,235.06,240.43,6.87,3.67,139.33,246.23,206.68,147.06,221.02,262.48,247.07,3.75,7.1,138.79,138.92,145.07,143.32,215.15,220.28,220.42,3.58,6.8,230.27,169.98,222.25,172.42,223.47,222.38,222.46,5.53,7.35,215.85,273.46,131.78,166.71,218.82,110.76,213.93,158.94,269.5,212.58,226.9,250.63,233.95,235.39,256.18,236.52
0.023438,205.62,341.53,359.78,356.93,331.18,335.31,324.21,11.04,10.91,349.46,359.36,240.21,295.05,368.32,327.71,299.02,11.04,10.33,364,353.87,238.48,287.37,334.36,370.92,293.41,8.88,10.73,371.18,309.64,244.27,290.06,328.39,333.79,356.66,10.87,11.06,347.29,202.15,206.15,205.56,356.41,359.77,359.36,7.38,5.58,329.99,221.44,327.07,260.64,323.88,325.84,384.68,11,11.02,212.06,215.5,258.6,305.06,325.42,328.61,330.69,8.35,5.46,198.83,311.36,242.1,318.18,332.39,331.04,331.84,10.87,10.6,236.03,380.18,295.43,330.9,246,284.11,336.74,247,154.64,283.73,165.04,320.88,251.98,232.76,272.81,231.77
0.03125,384.42,256.8,277.72,366.1,413.51,325.89,307.37,14.35,11.86,393.01,268.18,255.9,299.96,296.44,298.66,306.27,14.2,13.76,387.19,387.6,424.26,304.04,314.47,344.41,290.84,7.46,9.25,398.79,379.65,383.15,276.48,259.42,286.02,454.16,14.7,7.45,443.24,378.49,342.8,346.16,369.35,280.54,292.99,14.36,14.18,401.18,422.33,397.89,354.7,274.34,402.19,380.17,9.35,9.19,292.03,362.33,455.9,207.34,293.46,268.31,415.21,14.61,7.35,348.97,387.02,376.48,427.77,285.73,361.47,285.79,7.42,14.23,489.99,485.02,384.24,430.03,386.92,429.53,302.17,313.95,217.63,377.81,394.57,215.6,300.99,241.32,299.85,323.05
0.046875,340.36,361.12,576.4,414.78,363.51,358.09,370.51,19.01,20.96,579.75,612.93,661.27,358.82,591.93,392.47,533.37,21.5,21.26,567.84,598.82,649.64,373.36,531.31,467.24,388.09,13.7,20.87,597.95,600.08,391.08,390.02,504.89,388.17,578.03,22.03,19.76,641.38,543.74,543.85,402.17,430.69,453.38,386.66,17.61,22.09,426.6,652.88,392.68,519.26,439.33,593.97,599.32,20.55,21.82,554.41,538.88,471.35,413.05,300.69,476.06,437.29,20.12,10.97,554.18,532.59,515.47,633.27,569.51,496.43,614.98,21.2,10.94,632.43,664.81,640.98,568.77,519.49,712.88,631.64,601.53,565.02,580.66,578.33,575.73,638.16,412.96,365.83,408.72
0.0625,669.33,669.44,540.45,554.33,513.94,643.1,410.2,14.91,286.53,723.31,709.42,551.81,438.18,549.14,450.69,382.23,27.29,28.59,738.82,573.01,553.38,471.94,470.77,706.7,436.34,14.61,26.33,412.95,511.62,416.35,602.06,487.11,446.55,698.75,22.51,27.22,570.59,587.35,575.68,612.4,443.27,499.04,546.51,23.55,27.63,583.15,719.92,550.63,573.72,511.23,605.11,545.79,17.4,28.38,597.72,582.63,723.51,587.78,666.08,439.95,599.09,289.79,28.79,461.19,518.97,575.24,651.73,475.13,467.48,574.53,23.9,14.62,878.56,970.72,883.95,714.79,548.76,492.04,794.89,492.28,716.68,454.53,673.67,402.41,480.84,648.37,495.49,520.4
0.09375,1047.83,1105.4,691.99,1134.97,709,685.41,855.66,21.84,22.44,644.17,1070.77,614.74,784.18,952,770.34,776.02,22.31,37.74,1068.83,1106.23,1086.45,1005.94,782.87,924.59,967.3,41.72,41.23,797.48,872.84,636.41,958.29,769.41,724.84,979.88,42.99,32.07,665.18,913.89,954.47,920.65,838.12,889.73,1083.36,35.59,42.59,761.39,1085.87,884.38,899.04,976.43,874.57,885.24,41.52,38.12,925.35,914.71,1089.88,931.1,1062.89,804.67,835.26,22.34,21.94,816.37,733.38,682.42,1102.99,891.16,903.57,915.57,22.12,42.05,875.85,1058.71,1061.36,1045.61,897.62,989.28,924.17,928.93,821.24,951.66,940.75,661.36,983.14,968.94,970.13,980.57
0.125,1489.51,1367.12,1366.97,1413.5,1109.06,1185.77,1188.36,28.66,49.09,1265.19,1342.24,1465.78,1092.47,1484.61,1089.2,1188.36,55.06,53.06,1276.76,1315.06,1032.87,1087.49,1162.04,1379.19,1175.64,51.51,49.61,1039.42,1509.08,1307.19,1093.8,1167.5,1191.1,1473.07,29.47,28.85,1208.32,1145.55,1120.85,1083.72,1528.96,1525.58,1399.71,28.36,29.01,1122.62,950.25,1098.2,1205.47,1509.99,1459.12,1391.7,55.53,48.71,803.66,1111.41,1016.57,812.9,1396.04,1521.74,1506.15,29.04,32.41,1139.81,1084.2,883.84,1354.51,1476.08,1363.47,1368.81,53.6,32.55,942.33,904.16,1112.77,810,995.83,1044.85,825.65,1145.95,1213.47,843.26,836.3,1069.41,1241.68,1277.48,1114.21,1059.91
0.1875,1397.16,1467.19,2146.24,2510.58,1660.14,1561.55,1590.83,44.82,41.49,2133.74,1914.93,2135.15,1848.44,2041.93,1644.2,1600.85,68.8,43.4,1580.34,1599.43,1692.73,1625.81,1660.73,2186.23,1584.74,67.27,44.88,1533.28,2199.98,1615.54,1550.46,1537.35,1660.16,2037.84,77.39,83.87,2158.92,1528.58,1592.83,1672.2,2002.84,2005.67,2217.47,80.67,81.55,1597.98,2107.4,1619.31,1668.27,2180.11,2145.78,2147.35,76.31,81.06,1605.18,1557.83,2126.38,1157.69,2121.16,2075.08,2157.33,43.89,77.48,1636.93,1664.08,1611.27,2133.23,2183.84,2175.22,2197.02,42.35,42.19,1384.35,1521.13,2033.23,1339.57,1331.22,1863.58,1806.24,1392.93,2171.14,1793.35,2188.78,1261.72,1837.05,1853.41,1896.22,1936.5
0.25,2049.77,1609.44,1541.28,2059.92,1234.23,1194.89,1466.77,58.08,110.8,2121.84,1907.26,1628.46,1178.44,1796.6,1210.86,1224.4,70.57,109.24,2093.36,2145.28,2079.54,1247.52,1429.68,1928.31,1235.77,68.95,105.71,2062.5,2041.35,1942.58,1245.47,1529.06,1198.78,2022.72,106.43,58.49,1477.83,1339.84,1067.39,1279.89,1737.68,1851.63,1867.32,104.29,105.96,1462.15,1584.02,1278.1,1458.27,2061.12,1996.49,2094.21,96.46,54.17,1244.1,1319.21,1542.54,1048.65,2028.5,2044.24,2078.83,90.69,108.92,1235.93,1270.24,1260.26,1472.28,2049.57,2040.05,2113.58,56.51,102.37,1284.19,1320.35,1388.5,1459.71,1534.72,1558.82,1312.49,1595.08,1532.15,1594.27,1397.67,1762.36,1664.68,1664.31,1724.04,1666.84
0.375,3094.03,3075.48,2887.1,3184.25,1751.85,1732.13,1816.75,84.44,86.24,3031.97,2355.73,2914.27,1745.49,3141.44,1803.76,1761.59,163.5,135.28,2912.35,2929.46,3136.66,2038.51,2017.26,2942.7,2042.21,90.99,152.99,2882.18,2313.36,2959,1738.93,1629.83,1719.65,3166.24,84.45,149.99,2860.5,1755.83,1468.13,1620.58,3027.88,2777.76,3138.6,84.43,85.29,1540.85,2753.38,1724.47,1663.9,2514.21,2577.5,2544.06,158.66,87.4,1756.42,1745.44,2901.58,1636.97,3137.6,2926.81,3148.14,133.71,148.02,1767.26,1784.99,1586.4,2779.53,2925.53,2934.39,3149.2,86.11,84.39,1899.82,2387.9,1907.03,2044.97,2293.3,2262.24,1929.25,1639.69,1834.58,1760.09,2014.48,1571.74,2235.94,2306.13,2639.17,2280.37
0.5,2525.88,2849.52,2958.98,3367.73,1842.99,1821.26,1832.94,121.95,111.81,2639.78,3006.83,3005.24,1554.37,2456.75,1743.46,1568.75,110.43,199.28,3309.46,3095.59,2457.04,1769.37,1758.87,3025.13,1652.78,207.75,114.05,2896.38,2150.3,3023.58,1867.69,1777.8,1765.42,3191.79,202.34,131.29,2947.31,1852.9,1780.07,1860.9,3209,3146.32,3058.46,109.76,110.93,1815.79,3133.21,1811.12,1780.87,3290.86,3357.78,3190.46,133.35,110.03,1815.46,1821.85,2882.03,1772.53,2165.03,2894.86,1988.59,121,200.5,1873.6,1606.39,1778.38,2213.85,3217.81,3129.58,2250.94,113.27,111.49,2024.87,2147.81,2097.13,1906.82,2059.05,2168.82,1848.72,2081.4,1999.59,2073.77,1910.13,1920.8,2218.58,2070.61,2136.15,2113.35
0.75,3669.67,4354.92,3234.12,4362.09,2169.61,2174.68,2176.71,295.72,312.97,3068.09,3580.72,3037.83,2130.54,4470.59,2128.36,2165.85,180.37,166.5,3716.2,3187.07,3548.16,1835.68,1863.04,4328.93,1849.66,166.04,268.73,3594.14,3603.67,4087.95,1850.83,1899.1,2135.15,3526.39,163.73,166.14,3638.97,1933.85,2219.18,1957.37,4108.17,4450.83,3553.83,166.74,275.86,1953.3,4237.53,2309.7,2031.41,4495.3,4146.3,4319.73,258.62,169.75,2119.98,2213.52,3460.62,2065.27,4328.28,4520.99,4560.96,301.92,169.88,1949,2102.22,2013.62,3009.43,4059.5,3444.19,4324.81,165.35,184.93,2734.38,2725.44,2659.06,2660.64,2733.74,2718.34,2727.54,2718.73,2221.05,2797.78,2683.57,2869.56,2680.07,2809.95,2887.27,2809.45
1,3376.61,4080.75,3833.15,3937.72,2184.67,2144.54,2220.53,334.61,220.21,3492.56,4153.2,3990.79,2180.24,3902.21,2157.69,2199.9,221.41,402.94,4049.83,3460.32,4132.66,2182.14,2202.21,4050.62,2149.13,219.08,418.59,4124,4073.77,3831.74,2253.2,2264.68,2261.01,3827.63,337.48,220.21,3900.78,2111.95,2277.34,2156.13,4071.56,3937.46,4050.73,330.95,374.86,2160.17,4121.52,2146.08,2226.49,3935.18,4480.77,3968.95,217.41,351.37,2125.05,2144.98,3725.12,2120.19,3969.85,3956.17,3785.1,374.38,384.54,2164.15,2232.92,2145.09,3987.4,4062.78,4450.73,4172.89,347.09,219.12,2571.68,2992.69,2989.33,2907.03,2962.12,2312.62,2986.52,2877.36,2385.14,2803.05,2865.34,2909.15,3067.89,3052.25,3163.25,2900.27
1.5,8047.94,5414.77,8314.72,5454.41,2686.91,2747.3,2685.37,349.43,324.98,5352.34,8124.36,8186.83,3278.67,7782.91,3480.51,3516.51,324.33,438.07,5423.05,8054.08,8023.24,3465.15,3363.24,6825.04,3416.28,332.66,347.42,7106.65,8100.8,9380.16,3400.07,3481.73,3462.92,7655.4,387.56,461.17,5342.05,3536.13,2720.58,2571.88,5254.95,8127.26,5434.31,333.47,459.9,2278.45,8078.24,3399.92,3563.61,7678.88,7137.55,5700.11,330.79,575.46,2543.95,3454.23,8386.73,3491.13,5161.45,5248.08,7722.17,332.08,466.88,3417.78,3545.4,3381.54,7848.06,8120.35,8063.13,7803.4,326.73,442.34,4966.07,4901.05,3964.46,3826.51,3324.28,4777.66,3381.97,4762.34,3073.42,3433.37,3500.91,3411.01,3480.66,3509.08,3398.6,3522.82
2,6145.64,6280.36,6819.44,7117.59,3246.99,3134.99,3274.91,649.72,423.89,6942.49,6337.14,6883.33,3132.36,6064.1,3155.26,3092.44,530.3,422.56,6918.69,7017.81,7189.59,3270.94,3073.84,6302.73,3280.06,425.6,680.61,6921.83,6145.15,6836.46,3129.91,3186.7,3268.49,6243.35,632.86,443.08,6065.4,3283.11,3288.28,3274.73,6284.66,6875.52,6707.72,430.04,430.87,3134.62,7148.19,3301.13,3028.55,6983.61,6401.07,6979.8,426.57,594.79,3316.99,3292.64,6665.96,2999.26,6847.72,6083.45,6715.49,441.09,655.92,3289.55,3091.12,3138.74,7095.9,6827.36,6269.83,6690.98,836.5,433.27,4145.32,4586.82,4429.96,4685.64,4524.29,4697.68,4559.88,4520.66,4282.28,4147.54,3632.7,4252.04,4198.53,4012.35,4362.15,4016.82
3,5567.2,5291.14,5246.68,4783.7,2824.45,2888.17,2761.71,643.05,1006.53,5868.88,5326.61,4759.91,2840.77,4874.03,2832.01,2834.3,1118.58,937.51,4681.25,5031.31,5254.58,2857.76,2834.24,5052.93,2847.6,662.96,704.58,5356.01,5318.88,5234.78,2873.27,2823.23,2822.36,4949.2,650.82,1255.29,5312.3,2742.65,2732.39,2798.52,5034.91,5073.06,5095.57,963.25,829.67,2748.89,5401.92,2677.44,2690.59,5056.2,5173.36,4867.47,705.2,971.83,2674.26,2695.64,5486.98,2708.97,5016.21,5106.46,5044.43,936.24,673.26,2728.41,2722.41,2627.83,5255.35,5015.37,4983.88,5084.97,647.96,988.53,3840.98,3931.01,3945.57,4083.67,3674.96,3683.22,3810.34,3640.49,3242.31,3652.45,3817.78,3573.02,3872.89,3836.9,3879.01,3794.93
4,6960.25,6848.17,7053.32,6760.33,2922.15,2898.14,2874.17,1349.64,1257.48,6858.25,7072.96,6973.77,2876.14,6705.77,2891.29,2892.25,1331.86,984.31,6835.89,6959.87,7036.01,2855.45,2961.56,6820.36,2932.36,909.24,659.33,7514.22,6970.78,7238.18,2939.12,2956.87,2935.57,6738.91,1221.1,1202.41,6850.75,2795.02,2746.19,2676.33,5979.67,5917.4,5910.85,871.84,914.15,2838.23,6869.92,2806,2754.69,6805.53,6964.98,6893.08,953.69,864.6,2803.18,2739.86,7013.04,2759.34,6922.64,6834.06,6765.4,886.45,1298.04,2767.67,2822.62,2766.4,6934.6,6851.1,6795.8,6763.87,954.45,854.85,3894.24,3813.25,4108.02,4018.83,3611.99,3674.08,3472.95,3700.53,3747.81,3531.84,3561.39,3404.23,3838.15,3895.83,3988.45,3859.41
6,6869.6,6120.11,6217.55,6789.13,3116.43,2941.36,2961.78,1353.32,1347.64,6153.99,6095.71,6024.94,3084.43,6275.06,3129.1,3059.77,1394.16,1588.73,6143.56,6057.46,6312.69,3138.6,3005.07,5833.05,3098.25,1871.36,1882.31,6806.49,6087.6,6062.54,2940.98,2988.79,3057.1,6029.66,1775.52,1684.85,6206.39,2975.41,2806.48,2859.39,6549.52,6965.01,6178.95,1910.29,1342.86,2938.8,6119.98,2775.89,2879.39,5849.3,5894.58,6755.75,2046.62,1381.07,2868.3,2728.64,5946.64,2898.24,6801.28,5731.26,5937.41,1190.39,1423.64,2823.72,2986.18,2764.68,6042.45,5987.44,5912.03,5879.07,1344.09,1457.74,3996.48,3896.06,4054.19,3900.57,3632.13,3836.08,3453.02,3912.18,3803.46,3704.98,3716.31,3684.13,3901.14,4167.27,3927.05,3926.63
8,6571.77,6612.28,6112.21,6604.24,2995.89,3039.3,3161.87,2204.84,2027,6075.83,7034.18,5945.71,3109.31,6628.73,3105.12,3257.08,1947,1921.65,6623.03,6128.84,6594.45,3112.4,3035.81,6567.64,3109.29,1888.85,2602.54,6645.28,5782.67,6425.74,3096.3,3089.04,3056.82,6592.5,1890.91,1993.19,6012.52,2922.39,2957.57,3019.09,6498.2,6722.96,6159.47,1917.71,2230.57,2904.83,5896.9,2986.27,3043.34,5541.72,5150.49,5479.97,1882.45,2041.63,2914.52,3003.99,6612.79,3006.55,5426.65,5092.9,5087.82,1938.25,2163.03,2861.45,3037.69,3018.55,6542.15,6151.93,6675.78,6212.42,2457.86,2359.01,4013.16,4200.42,4006.28,4070.24,3669.6,3742.86,3782.89,3889.01,3955.03,3855.22,3765.38,3813.93,4103.85,4122.21,4041.76,4019.87
12,6238.1,6174.91,6042.59,6145.53,3240.05,3271.52,3190.27,3062.83,2779.47,6455.72,6445.84,6154.87,3191.85,6140.58,3188.62,3356,3006.08,2982.04,6089.11,6048.24,5983.62,3260.07,3250,6503.55,3204.91,3105.28,3081.17,6006.48,5764.01,5797.62,3361.78,3212.04,3191.18,6922.5,3186.65,2976.05,6271.05,3093.03,3065.78,3021.6,5315.64,5339.3,6152.77,2698.85,2768.38,3091.12,6058.46,3149.03,3297.02,6291.86,6046.4,6267.73,3449.81,2906.34,3037.86,3108.33,5843.34,3082.69,6141.67,6039.86,6188.38,2978.17,3105.3,3103.5,3122.21,3120.9,5956.19,5120.19,5102.26,4884.39,3625.44,2825.42,4140.04,4320,4280.83,4264.06,3973.09,4096.57,3861.46,3948.39,4063.38,3918.96,3626.82,4138.94,4224.33,4127.26,4529.26,4378.28
16,6091.05,6677.01,6464.96,7034.78,3566.35,3585.27,3681.49,4449.63,4046.17,6840.13,6585.43,6195.01,3638.42,6276.73,3742.64,3618.23,4241.95,4271.31,5957.53,6276.53,6191.57,3617.11,3627.97,6857.73,3592,4245.32,4141.24,5766.44,6008.76,6291.22,3595.6,3580.95,3454.56,6778.1,4126.38,3992.59,6445.01,3476.06,3530.03,3461.65,6480.77,6260.75,6175.87,3781.67,4127.59,3505.65,6745.94,3401.71,3605.49,5447.78,5582.11,5531.8,4585.77,4243.91,3467.54,3327.72,6402.86,3300.61,6220.76,6568.26,6524.05,3714.75,4150.96,3436.01,3366.29,3315.03,6647.44,6622.01,6166.8,6123.76,4178.42,4235.02,4699.88,4343.29,4644.32,4502.29,4351.11,4319.38,4360.89,4205.66,4482.15,4214.35,4225.89,4495.37,4676.2,4628.83,4473.61,4374.09
24,6893.7,6999.14,6772.6,6774.02,3939.59,3863.65,3990.65,5826,5751.2,6929.97,6871.85,6805.75,3886.98,7405.58,3991.59,3937.92,5814.25,7229.43,6841.61,7042.79,6932.75,3820.25,3876.54,7265.22,4051.66,5533.91,5756.21,6954.74,6933.81,7013.58,3785.49,3960.06,3833.32,7010.25,5555.23,5397.52,7053.13,3810.17,3726.84,3836.67,7343.11,7139.92,7178.85,5438.35,5794.41,3830.44,7195.05,3855.28,3591.62,6667.25,6989.53,6982.9,5733.05,5832.4,3796.97,3792.57,6928.4,3755.69,6790.82,7208.11,7064.08,6087.1,6565.51,3911.08,3927,3680.54,7006.61,6924.12,7541.31,7090.83,6019.05,5906.44,5041.91,4773.05,4394.14,4718.76,4379.88,4602.64,4575.89,4600.41,4737.85,4494.29,4648.35,4566.96,4813.54,4755.47,4587.61,4715.06
32,7467.67,7012.51,7430.79,7483.18,4478.11,4230.57,4348.83,8491.1,6717.49,7311.81,7717.87,7590.91,4161.07,7829.77,4189.54,4391.66,7169.69,6819.86,7264.55,7625.09,7520.33,4246.62,4170.74,7691.54,4364.29,6953.66,6689.07,7358.16,7601.91,7004.07,4216.93,4298.58,4308,7689.68,6382.78,6557.76,7791.71,3999.05,4038.4,4074.95,7771.87,7575.5,7940.54,7374.25,6470.83,4088.07,6997.94,4222.41,4077.84,7489.3,7697.67,7629.78,6471.33,6837.59,4091.61,4020.03,7611.73,4308.3,7812.32,7761.31,7216.77,6647.9,6328.36,4065.21,4088.44,4336.53,7785.62,7575.46,8179.35,7697.76,6808.33,7034.96,4906.44,4909.84,4909.33,4969.15,4747.07,4956.32,5022.31,4860.56,4955.65,4650.73,4880.07,4914.34,4927.19,5113.89,5277.75,5001.75
48,7508.43,7939.9,7665.61,7564.68,4507.7,4458.22,4484.71,6911.69,9674.4,7929.7,7767.22,7797.66,4335.87,8212.8,4546.12,4569.35,9494.71,9964.36,8530.38,7743.81,7734.39,4486.11,4457.86,7938.16,4600.11,8649.41,7292.16,7974.33,7793.24,7971.34,4426.95,4427.89,4311.24,7645.83,8261.38,8615.06,7740.16,4314.69,4424.18,4275.25,6561.14,6242.95,7549.86,10029.49,7426.12,4451.83,7777.02,4621.71,4515.73,8017.07,8126.56,7596.27,10212.29,7406.22,4364.6,4470.52,8264.07,4349.34,7997.68,8018.77,7942.81,7713.57,8068.95,4391.86,4273.85,4350.84,7612.36,8002.11,8155.43,7943.59,10192.91,10142.61,5405.68,5264.62,5338.36,5383.08,5259.9,5297.21,5411.19,5592.6,5395.3,5245.48,5264.34,5262.68,5181.22,5566.29,5309.9,5453.54
64,8338.65,8309.72,8447.97,8284.43,4632.09,4727.63,4762.63,9262.64,10350.68,8927.38,8384.45,8408.27,4668.94,8785.43,4716.93,4636.12,10225.35,9315.11,8471.77,8411.18,8379.39,4869.3,4826.47,8336.16,4774.58,10316.41,10000.07,8633.33,8535.45,8520.64,4521.47,4728.17,4749.56,9014.86,10376.2,10142.21,8470.58,4522.91,4481.42,4603.45,8530.46,8587.72,8468.52,10412.1,10223.63,4596.03,8552.09,4567.19,4774.81,8276.93,8614.39,8544.26,10373.08,9324.67,4767.64,4567.03,8530.89,4773.13,8513.86,8685,8472.3,10297.17,10405.03,4704.5,4602.23,4596.65,8301.96,8416.49,8418.19,8485.74,10301.31,10315.31,5629.62,5580.94,5544.44,5544.71,5511.36,5380.98,5474.63,5449.86,5308.43,5512.54,5519.07,5445.39,5472.12,5674.59,5603.02,5724.04
96,9819.14,9996.2,10019.91,10223.96,5690.61,5607.58,5710.37,10609.6,10624.23,9765.36,9863.17,9842.95,5730.1,10191.28,5799.36,5514.38,10651.17,10621.77,9957.73,9838.43,9967.08,5556.08,5757.02,10055.37,5738.97,10549.55,10462.74,9962.48,9819.28,10155.57,5605.86,5741.43,5796.32,10027.55,10569.75,10407.4,9885.37,5478.98,5532.93,5524.39,9989.65,10084.11,10194.19,10537.67,10581.13,5503.41,9796.1,5550.9,5699.89,9835.65,10182.14,9877.22,10588.32,10598.64,5609.72,5696.29,10080,5660.97,10089.52,9962.48,9989.88,10564.75,10518.64,5780.29,5555.58,5555.18,9915.95,8051.36,9221.68,10059.45,10551.97,10563.1,6402.95,6333.62,6585.56,6383.69,6263.31,6395.23,6415.1,6420.38,6409.77,6429.28,6216.53,6261,6612.36,6615.63,6639.99,6465.52
128,10948.09,10766.76,10944.53,11096.78,6027.42,6089.85,5950.02,10703.29,10658.1,10910.94,10868.24,10875.02,5985.47,10739.56,5977.64,6002.33,10665.47,10647.85,10964.31,10943.98,10781.61,6127.96,6091.01,11171.77,5937.4,10725.54,10637.44,10955.77,10668.72,10937.28,6069.37,6093.65,6071.33,11121.09,10717.75,10709.27,11011.6,5817.09,5914.98,5905.24,10900.06,10940.68,10966.42,10623.67,10717.79,5775.11,10748.71,5839.56,5832.05,11041.28,11053.4,10910.32,10647.31,10731.18,5848.28,6019.09,10847.77,5885.13,10990.41,10909.78,11045.92,10670.28,10707.36,5825.88,5773.96,5996.38,10766.86,11107.3,10991.89,11145.19,10629.24,10660.45,6830.03,7000.47,6781.31,6791.68,6674.01,6740.66,6841.69,6722.57,6792.34,6847,6659.72,6738.66,6832.27,6936.43,6943.36,6884.81
192,12436.03,12359.08,12523.98,12500.49,6727.29,6643.17,6534.78,10950.98,10911.32,12346.76,12504.12,12811.08,6807.1,12548.52,6727.49,6722.44,10943.53,10937.57,12742.94,12271.63,12286.58,6735.4,6745.59,12616.33,6667.42,10931.96,10943.66,12524.6,12472.78,12637.89,6735.76,6724.27,6721.87,12737.56,10945.47,10919.32,12535.98,6529.63,6545.95,6553.96,12540.29,12534.96,12695.61,10921.87,10948.68,6487.8,12436.46,6585.42,6509.43,12494.91,12217.76,12553.05,10909,10919.2,6539.1,6571.07,12485.52,6589.74,12474.62,12427.07,12394.58,10908.55,10909.76,6477.09,6626.66,6624.17,12669.1,12479,12574.4,12432.07,10892.92,10895.25,7479.94,7547.6,7579.12,7628.69,7335.77,7433.18,7374.27,7293.56,7503.41,7515.09,7335.74,7461.93,7605.27,7651.06,7618.5,7631.85
256,13261.22,13078.09,13001.79,12975.29,6856.09,6858.57,6758.04,11016.35,11014.3,13059.95,13116.27,13047.74,6961.32,13026.15,6875.8,7017.56,11018.24,10989.37,13095.28,13094.58,13030.8,7110.86,7086.39,13089.35,6957.92,11008.56,10966.39,13247.11,12989.79,13010.89,7000.06,6976.84,6939.71,13119.6,11028.94,10990.82,13114.96,6829.2,6769.1,6814.72,13156,13209.71,13075.84,10956.44,11018.04,6829.24,13141.6,6781.78,6822.98,13328.25,12969.16,13172.16,10979.1,11017.05,6824.57,6784.24,13026.35,6801.95,13112.04,13142.12,13228.74,11012.57,11021.85,6779.1,6823.78,6792.89,13076.45,13050.08,13025.26,13016.82,10934.87,10982.46,7955.18,7771.78,7783.39,7765.71,7583.2,7584.39,7491,7728.5,7651.54,7694.54,7430.56,7620.84,7811.43,7893.83,7910.52,7778.53
384,13337.05,13296.44,13261.46,13333.19,6961.93,7027.21,7075.85,11115.84,11090.29,13358.25,13175.39,13109.33,6969.74,13248.81,6974.75,7038.5,11093.75,11089.35,13268.03,13204.15,13270.58,7009.12,6883.24,13354.69,6899.59,11114.16,11078.73,13301.06,13155.37,13306.03,7026.25,6991.62,6973.01,13321.52,11106.08,11098.61,13230.11,6818.5,6774.99,6729.45,13314.16,13240.78,13398.3,11077.25,11110.24,6818.38,13272.03,6725.82,6815.3,13477.4,13411.37,13408.68,11091.29,11098.65,6875.31,6778.75,13241.78,6887.43,13351.42,13387.35,13399.08,11095.53,11093.31,6851.02,6746.43,6730.95,13294.02,13167.72,13268.82,13409.08,11070.37,11098.1,7700.85,7645.25,7628.84,7643.75,7283.95,7189.8,7386.32,7364.39,7179.32,7355.59,7273.63,7297.38,7662.27,7766.61,7774.63,7663.52
512,12884.25,12952.67,12862.39,12770.74,6667.46,6727.11,6699.01,11144.45,11133.41,12995.35,12776.47,12921.73,6771.12,12934.56,6762.11,6754.96,11142.79,11128.94,12866.65,12935.41,12925.29,6831.78,6784.35,12860.02,6732.85,11134.71,11113.72,12823,12801.57,12842.75,6755.52,6769.59,6776.63,12837.61,11116.36,11114.37,12762.28,6655.97,6690.08,6603.84,12856.74,12828.14,12925.3,11116.88,11106.22,6641.74,12783.22,6688.96,6724.7,12874.77,12870.13,12924.38,11128.85,11140,6623.93,6693.16,12822.32,6603.86,12882.09,12865.33,12815.07,11133.8,11142.38,6604.28,6631.69,6660.29,12837.54,12842.35,12872.33,12822.41,11113.2,11104.57,7379.54,7087,7376.25,7375.64,6977.45,6947.03,6998.42,7158.6,7036.94,7097.51,7123.92,7049.68,7382.48,7390.25,7363.57,7352.71
768,13369.29,13393.94,13344.65,13382.91,6849.78,6933.64,7000.76,11190.1,11190.69,13345.56,13326.54,13341.44,6901.49,13349.86,6926.98,6946.31,11182.75,11181.13,13412.16,13369.75,13370.68,6944.14,6910.47,13353.79,6942.66,11181.6,11173.72,13339.11,13409.4,13445.07,6869.84,6918.96,6856.47,13266.93,11189.2,11171.83,13291.33,6870.72,6888.83,6907.45,13386.28,13305.86,13335.06,11162.98,11177.13,6802.65,13273.79,6824.33,6787.5,13385.68,13241.43,13427.3,11174.6,11174.12,6813.61,6818,13337.16,6944.76,13391.34,13350.52,13464.84,11180.06,11199.31,6861.13,6870.21,6806.24,13326.82,13445.21,13414.08,13282.72,11171.44,11162.98,7585.61,7616.36,7662.91,7593.98,7280.93,7298.95,7425.74,7332.3,7233.07,7265.19,7259.52,7239.76,7590.64,7502.69,7601.47,7639.3
1024,13227.88,13234.31,13305.41,13287.35,6875.7,6862.59,6906.01,11216.33,11212.99,13165.32,13232.58,13164.88,6879.42,13217.45,6865.21,6900.88,11215.96,11205.34,13186.89,13258.21,13299.18,6872,6890.84,13264.26,6921.96,11222.26,11215.61,13175.56,13203.98,13208.53,6901.28,6971.72,6825.97,13239.6,11214.27,11209.76,13178.52,6907.46,6869.64,6853.39,13260.21,13247.67,13249.22,11188.86,11199.83,6832.68,13284.25,6834.37,6872.42,13198.21,13231.01,13333.68,11183.59,11211.69,6759.15,6789.6,13259.23,6866.02,13217.15,13245.31,13243.9,11213.97,11215.64,6849.15,6872.68,6828.68,13269.01,13150.94,13264.79,13171,11182.25,11201.77,7627.58,7673.6,7697.94,7675.67,7373.17,7283.47,7160.81,7175.66,7179.54,7309.73,7273.85,7282.22,7627.34,7608.87,7720.32,7618.96
1536,13428.73,13424.48,13455.08,13420.32,6963.92,6911.46,6917.06,11237.45,11236.84,13329.24,13393.28,13397.4,6918.66,13336.52,6844.06,6874.45,11233.29,11226.63,13362.96,13401.64,13436.67,6948.85,6905.82,13378.13,6878.8,11236.32,11238.5,13445.15,13436.77,13422.28,6953.91,6905.53,6945.59,13357.48,11228.08,11231.32,13357.91,6962.59,6905.05,6904.73,13374.46,13377.56,13367.72,11217.66,11227.21,6896.32,13360.1,6936.6,6937.11,13408.23,13426.24,13410.28,11223.29,11228.96,6897.34,6934.52,13371.87,6927.72,13409.03,13430.02,13409.77,11236.54,11244.4,6949.12,6854.71,6879.18,13366.66,13348.58,13334.86,13415.61,11203.8,11215.8,7691.18,7556.7,7726.68,7712.17,7415.76,7386.16,7384.15,7472.54,7308.13,7392.16,7313.01,7450.19,7732.07,7769.86,7773.3,7709.32
2048,13513.59,13544.85,13619.49,13585.4,6995.96,7019.28,7018.81,11247.64,11237.36,13484.03,13562.26,13570.76,6974.95,13490.41,6993.18,7010.69,11233.37,11234.11,13553.81,13550.73,13593.4,7000.77,7033.3,13480.56,6947.75,11247.53,11245.26,13513.32,13507.72,13545.9,7037.2,7033.33,7062.28,13486.67,11242.59,11234.39,13491.4,6934.98,6932.22,6886.48,13551.6,13519.11,13489.76,11221.22,11232,6943.82,13497.46,7021.78,7055,13530.58,13551.83,13521.91,11227.43,11237.67,7062.48,7051.4,13484.8,6989.07,13564.02,13567.85,13579.9,11239.43,11251.58,6952.98,7006.72,7049.42,13472.37,13539.41,13513.6,13476.81,11222.73,11232.02,7780.48,7775.55,7724.45,7768.11,7577.18,7500.8,7626.6,7506.05,7611.78,7529.03,7567.32,7520.5,7771.81,7772.47,7808.21,7813.05
3072,13632.99,13620.28,13664.76,13594.98,7075.51,7153.31,7100.46,11248.78,11257.3,13687.13,13612.08,13622.01,7087.26,13590.08,7098.82,7107.21,11252.71,11248.52,13626.83,13621.7,13644.31,7098.18,7164.16,13619.32,7109.34,11259.92,11249.36,13558.36,13602.3,13664.08,7079.77,7081.67,7115.04,13631.62,11254.83,11250.96,13572.31,7078.95,7049.73,7112.74,13630.6,13626.42,13626.08,11230.26,11239.97,7112.69,13597.43,7083.28,7105.33,13629.59,13609.36,13627.26,11238.78,11246.93,7091.58,7110.39,13607.71,7117.61,13662.95,13636.82,13655.51,11255.32,11263.3,7142.05,7106.63,7078.3,13561.58,13617.23,13622.29,13623.15,11226.89,11235.66,7873.05,7911.48,7923.71,7810.05,7637.63,7547.25,7667.17,7690.86,7588.29,7577.87,7534.24,7664.82,7878.78,7934.66,7939.87,7936.33
4096,13694.62,13668.25,13768.19,13631.47,7171.17,7232.58,7203.46,11261.99,11255.2,13689.52,13712.84,13707.75,7136.38,13584.89,7101.16,7109.75,11259.82,11251.72,13679.68,13678.73,13655.65,7153.08,7214.22,13636.12,7164.96,11261.84,11259.13,13672.21,13675.97,13711.12,7157.69,7157.22,7233.64,13633.85,11253.4,11256.23,13634.4,7116.32,7116.47,7123.04,13627.96,13703.73,13613.38,11241.02,11246.48,7109.39,13583.3,7082.77,7120.67,13668.76,13677.92,13656.79,11249.53,11255.82,7106.79,7091.58,13639.45,7177.86,13669.06,13809.88,13681.43,11263.9,11269.72,7229.64,7168.23,7201.67,13621.14,13635.66,13655.48,13711.42,11239.68,11246.41,7966.35,7723.09,7948.14,7961.5,7687.79,7761.53,7738.84,7813.86,7787.74,7765.32,7727.55,7631.4,7612.23,7593.25,7674.41,7713.31
6144,13834.62,13862.38,13759.34,13766.11,7230.84,7282.32,7238.63,11265.4,11266.41,13773.65,13808.26,13801.01,7256.89,13770.42,7241.55,7307.23,11262.64,11255.48,13809.49,13832.87,13812.93,7238.59,7270.37,13775.49,7216.96,11266.19,11265.88,13825.35,13847.79,13860.43,7289.96,7237.64,7270.56,13757.3,11263.84,11262.13,13760.26,7252.87,7238.17,7258.98,13782.82,13843.3,13814.46,11247.25,11255.15,7262.33,13799.99,7312.73,7324.41,13747.99,13794.31,13785.18,11256.4,11265.49,7298.79,7303.9,13746.84,7305.62,13798.42,13821.89,13889.31,11260.42,11269.74,7339.48,7281.03,7285.71,13793.42,13811.04,13732.13,13770.21,11239.45,11255.04,8032.67,7885.09,8052.67,8146.59,7947.37,7959.54,7995.51,7939.64,7898.64,7962.45,7978.57,7981.51,8145.56,8115.19,8260.2,8170.04
8192,13913.02,13924.21,13996.79,13891.18,7387.53,7383.06,7353.36,11269.68,11268.51,13925.46,13944.77,13908.59,7361.25,13851.9,7413.11,7323.67,11263.22,11263.4,13954.25,13939.64,14001.6,7306.16,7355.32,13911.45,7368.33,11271.64,11263.62,13907.59,14011.34,13924.01,7291.18,7417.3,7393.92,13828.02,11268.85,11263.18,13860.27,7313.31,7332.83,7289.85,13859.59,13880.54,13929.2,11245.53,11258.05,7375.32,13840.5,7375.34,7401.13,13813.03,13929.26,13894.35,11254.95,11264.89,7409.16,7364.88,13901.55,7404.24,13820.5,13863.26,13927.07,11265.02,11275.55,7384.93,7393.1,7376.31,13818.56,13887.12,13859.9,13953.83,11244.55,11251.94,8192.78,8260.43,8177.4,8225.15,8066.46,8075.39,8193.05,7923.87,8014.57,8019.49,8012.97,8012.1,8233.87,8086.62,8249.45,7905.99
12288,14000.77,14092.48,14108.83,13986.87,7444.67,7481.92,7377.41,11271.4,11268.52,14037.31,14067.5,14117.97,7469.44,14020.89,7515.64,7476.43,11260.99,11259.53,14044.69,14120.61,14052.66,7415.7,7464,14036.56,7491.78,11269.59,11262.3,14043.11,14044.09,14126.59,7491.12,7469,7484.4,13983.77,11270.24,11264.9,14086.75,7477.64,7473.05,7461.89,14054.26,14106.29,14036.95,11253.35,11262.98,7463.27,13968.24,7438.08,7446.52,14054.06,14116.33,14064.13,11264.44,11271.88,7526.25,7466.43,14001.28,7491.51,14105.51,14069.29,14079.98,11264.16,11275.42,7462.89,7456.19,7484.77,13957.26,14041.94,14017.87,14138.31,11246.83,11256.33,8335.44,8318.24,8249.59,8304.42,8118.14,8175.4,8226.04,8115.72,8218.28,8171.44,8117.89,8179.22,8313.69,8367.9,8324.59,8388.05